Date,Precip,Air max,min,RH max,min
20170101,0.04,59,46,96,61
20170102,0.07,60,51,87,66
20170103,0.04,61,49,92,57
20170104,0.01,64,47,90,55
20170105,0.02,60,54,98,79
20170106,0.03,63,50,98,67
20170107,0.03,72,50,92,33
20170108,0.03,77,55,73,34
20170109,0.01,62,56,96,68
20170110,0,65,52,97,62
20170111,0,60,53,96,88
20170112,0,60,52,97,85
20170113,0.08,58,51,97,75
20170114,0.01,63,51,93,59
20170115,0.01,62,51,92,75
20170116,0.2,64,51,94,66
20170117,0,67,44,95,48
20170118,0.01,62,46,90,67
20170119,0.47,63,53,97,66
20170120,1.7,58,52,96,69
20170121,0.07,59,50,84,63
20170122,0.32,61,50,97,67
20170123,0.4,57,49,96,72
20170124,0.03,57,46,89,59
20170125,0,58,43,86,49
20170126,0,61,42,87,47
20170127,0,63,44,67,16
20170128,0,68,41,62,21
20170129,0,75,45,63,14
20170130,0,76,51,48,15
20170131,0,74,48,96,24
20170201,0,69,44,96,38
20170202,0,69,46,93,28
20170203,0,68,51,91,51
20170204,0,65,54,96,69
20170205,0,61,53,92,71
20170206,0.05,59,54,97,74
20170207,0.2,67,58,98,69
20170208,0,70,55,96,71
20170209,0,76,56,98,65
20170210,0,69,56,98,73
20170211,0.02,62,54,96,71
20170212,0,65,49,91,55
20170213,0,70,50,95,46
20170214,0,66,54,95,70
20170215,0,76,50,98,44
20170216,0,70,50,92,48
20170217,1.16,63,52,96,63
20170218,0.15,61,51,97,67
20170219,0.09,59,52,93,65
20170220,0,68,52,92,58
20170221,0,75,53,94,52
20170222,0,63,51,95,62
20170223,0,59,46,84,47
20170224,0,62,42,81,46
20170225,0,62,41,83,49
20170226,0.07,58,50,92,73
20170227,3.23,57,52,100,93
20170228,0,60,50,100,62
20170301,0,69,45,91,37
20170302,0,73,46,63,17
20170303,0,76,47,81,16
20170304,0,64,49,89,57
20170305,0.01,62,52,91,58
20170306,0,60,45,81,42
20170307,0,70,45,81,35
20170308,0,77,50,92,32
20170309,0,79,53,94,36
20170310,0,79,54,79,36
20170311,0,73,53,95,44
20170312,0,72,53,98,64
20170313,0,69,51,98,63
20170314,0,68,50,97,30
20170315,0,68,51,94,48
20170316,0,73,58,95,58
20170317,0,70,51,98,64
20170318,0,73,51,98,60
20170319,0,70,55,97,60
20170320,0,67,55,86,62
20170321,0,71,53,89,51
20170322,0.23,66,57,97,71
20170323,0,65,51,82,56
20170324,0,68,48,89,54
20170325,0,68,51,93,60
20170326,0,67,54,95,68
20170327,0,67,54,92,62
20170328,0,70,51,93,39
20170329,0,79,51,77,19
20170330,0.01,70,51,,
20170331,0,66,49,,
20170401,0,69,49,77,36
20170402,0,75,51,91,38
20170403,0,64,56,87,63
20170404,0,68,57,86,59
20170405,0,79,55,94,40
20170406,0.01,74,55,97,48
20170407,0,72,54,94,48
20170408,0,68,55,91,61
20170409,0,68,49,90,46
20170410,0,72,50,91,43
20170411,0,72,51,93,41
20170412,0,72,52,94,45
20170413,0,73,57,90,43
20170414,0,66,53,85,49
20170415,0,72,52,84,27
20170416,0,75,54,91,31
20170417,0,77,53,95,29
20170418,0,73,59,95,59
20170419,0,73,57,94,60
20170420,0,72,55,96,52
20170421,0,83,53,94,35
20170422,0,83,57,96,34
20170423,0,72,58,95,66
20170424,0,68,59,83,63
20170425,0,69,56,90,54
20170426,0,73,54,93,54
20170427,0,70,58,93,67
20170428,0,75,57,94,43
20170429,0,81,55,87,11
20170430,0,85,60,48,14
20170501,0,79,55,93,23
20170502,0,73,58,96,61
20170503,0,77,58,93,51
20170504,0,76,59,90,61
20170505,0,65,60,90,74
20170506,0.09,63,51,92,54
20170507,0.75,59,50,94,69
20170508,0.01,68,50,91,51
20170509,0,65,57,92,69
20170510,0,70,59,91,63
20170511,0,70,58,91,64
20170512,0,70,59,89,69
20170513,0,69,56,84,57
20170514,0,66,54,88,60
20170515,0.01,64,56,75,48
20170516,0,65,56,79,53
20170517,0,66,57,82,61
20170518,0,70,57,91,60
20170519,0,83,55,95,28
20170520,0,85,54,,
20170521,0,80,59,93,49
20170522,0,75,59,95,60
20170523,0,75,59,95,60
20170524,0,71,58,93,59
20170525,0,69,58,81,56
20170526,0,70,59,85,51
20170527,0,70,57,85,57
20170528,0,70,54,90,62
20170529,0,68,59,90,71
20170530,0,67,58,92,69
20170531,0,66,58,94,71
20170601,0,69,58,95,67
20170602,0,73,62,88,67
20170603,0,68,61,90,77
20170604,0,70,59,94,71
20170605,0.01,66,59,96,80
20170606,0,65,60,92,79
20170607,0,67,60,90,73
20170608,0,71,60,85,61
20170609,0,73,61,91,58
20170610,0.01,66,59,95,67
20170611,0.06,66,56,95,65
20170612,0,70,55,89,56
20170613,0,76,55,91,35
20170614,0.01,77,57,93,52
20170615,0,81,59,,
20170616,0,85,61,,
20170617,0,82,61,94,52
20170618,0,77,61,94,57
20170619,0,82,62,96,49
20170620,0,81,62,96,58
20170621,0,76,62,95,66
20170622,0,72,60,96,71
20170623,0,77,63,91,63
20170624,0,75,62,94,63
20170625,0,85,62,93,48
20170626,0,86,62,93,39
20170627,0,83,61,93,49
20170628,0,73,61,94,61
20170629,0,71,61,86,66
20170630,0,73,62,88,64
20170701,0,70,63,88,71
20170702,0,74,60,93,62
20170703,0.01,80,59,95,54
20170704,0,79,63,94,59
20170705,0,80,63,95,55
20170706,0,81,64,93,59
20170707,0,80,66,91,61
20170708,0,79,66,95,65
20170709,0,80,66,95,64
20170710,0.01,80,67,94,60
20170711,0,80,67,94,61
20170712,0,82,67,94,60
20170713,0,79,67,88,66
20170714,0,78,67,90,62
20170715,0,76,65,94,70
20170716,0,76,65,95,73
20170717,0,77,66,93,69
20170718,0,79,65,95,61
20170719,0,82,68,88,52
20170720,0,79,66,91,65
20170721,0,78,65,91,63
20170722,0,77,65,91,66
20170723,0,80,65,92,62
20170724,0,76,66,93,68
20170725,0,77,66,86,68
20170726,0,78,68,89,69
20170727,0,79,67,92,66
20170728,0,77,64,93,70
20170729,0,76,64,94,70
20170730,0,77,63,95,65
20170731,0,78,67,90,68
20170801,0,80,68,93,65
20170802,0,84,68,95,63
20170803,0,81,68,95,71
20170804,0,82,67,94,66
20170805,0,78,65,95,67
20170806,0,77,66,93,68
20170807,0,78,67,91,65
20170808,0,79,67,90,64
20170809,0,78,65,92,64
20170810,0,78,65,93,67
20170811,0,78,66,92,68
20170812,0,77,65,92,65
20170813,0,78,65,92,63
20170814,0,76,63,91,64
20170815,0,70,60,91,71
20170816,0,75,63,86,57
20170817,0,77,61,93,59
20170818,0,76,64,90,64
20170819,0,75,64,89,69
20170820,0,75,66,86,65
20170821,0,76,66,86,63
20170822,0,77,65,89,68
20170823,0,70,65,90,77
20170824,0,69,65,87,77
20170825,0,77,65,,
20170826,0,80,64,,
20170827,0,81,66,,
20170828,0,83,65,,
20170829,0,90,65,,
20170830,0,90,66,,
20170831,0,86,68,94,56
20170901,0,93,68,95,33
20170902,0,94,71,,
20170903,0.04,88,70,,
20170904,0,77,68,93,69
20170905,0,82,67,93,63
20170906,0,82,68,92,61
20170907,0,81,67,92,62
20170908,0.02,77,67,93,61
20170909,0.01,78,67,90,60
20170910,0,81,66,92,54
20170911,0,88,67,100,55
20170912,0,80,68,94,62
20170913,0,78,62,100,59
20170914,0,78,65,89,53
20170915,0,75,64,,
20170916,0,75,63,,
20170917,0,75,65,100,63
20170918,0,77,62,,
20170919,0,78,65,,
20170920,0,77,63,,
20170921,0.01,72,59,,
20170922,0,74,57,,
20170923,0,72,56,,
20170924,0,81,52,,
20170925,0,87,53,,
20170926,0,84,55,,
20170927,0,82,54,,
20170928,0.01,83,58,,
20170929,0.01,86,59,,
20170930,0.01,78,58,,
20171001,0,74,63,,
20171002,0,75,58,,
20171003,0,73,62,,
20171004,0,77,54,,
20171005,0,81,53,,
20171006,0,88,52,,
20171007,0,93,55,,
20171008,0,74,61,,
20171009,0,81,57,,
20171010,0.01,81,52,,
20171011,0,75,56,,
20171012,0,74,58,,
20171013,0.01,75,58,,
20171014,0.01,79,54,,
20171015,0,97,51,,
20171016,0,96,60,,
20171017,0,93,61,,
20171018,0,82,60,,
20171019,0,74,61,,
20171020,0,69,60,,
20171021,0,75,54,,
20171022,0,89,54,,
20171023,0,100,65,,
20171024,0,103,62,,
20171025,0,100,63,,
20171026,0,92,59,,
20171027,0,81,55,91,39
20171028,0,74,60,94,62
20171029,0,70,62,91,63
20171030,0,67,60,78,59
20171031,0,67,60,80,62
20171101,0,68,61,74,51
20171102,0,70,57,76,48
20171103,0,70,54,75,43
20171104,0,70,53,88,57
20171105,0,71,56,88,57
20171106,0,71,56,91,56
20171107,0,74,58,91,48
20171108,0,74,56,89,48
20171109,0.02,71,58,90,54
20171110,0,69,53,91,59
20171111,0,70,51,92,57
20171112,0,68,53,91,61
20171113,0,72,56,93,52
20171114,0,76,52,91,29
20171115,0,78,53,78,30
20171116,0,81,58,70,26
20171117,0,73,58,92,50
20171118,0,76,52,92,44
20171119,0,74,49,94,26
20171120,0,74,50,64,22
20171121,0,86,56,52,15
20171122,0,92,59,49,13
20171123,0,90,64,38,16
20171124,0,85,60,76,20
20171125,0,69,55,95,41
20171126,0,67,54,96,65
20171127,0.01,66,50,91,59
20171128,0,66,48,83,59
20171129,0,68,55,85,59
20171130,0,68,54,79,59
20171201,0,71,52,92,45
20171202,0,71,51,94,54
20171203,0,69,56,94,64
20171204,0,67,50,92,52
20171205,0,72,45,90,11
20171206,0,73,48,32,15
20171207,0,77,48,44,6
20171208,0,77,51,26,11
20171209,0,80,51,26,11
20171210,0,78,56,20,10
20171211,0,80,54,24,9
20171212,0,81,53,21,7
20171213,0,81,52,76,7
20171214,0,74,47,73,13
20171215,0,82,51,39,11
20171216,0,65,51,88,22
20171217,0,70,46,89,24
20171218,0,70,48,58,20
20171219,0,69,46,77,30
20171220,0.14,63,45,90,48
20171221,0,61,44,92,22
20171222,0,65,39,59,14
20171223,0,67,42,62,17
20171224,0,70,44,91,18
20171225,0,69,44,90,24
20171226,0,64,42,95,30
20171227,0,73,46,95,34
20171228,0.01,82,48,95,18
20171229,0,82,47,93,14
20171230,0,76,49,94,17
20171231,0,66,46,95,49
20180101,0,67,48,96,50
20180102,0,74,52,94,29
20180103,0,69,53,93,48
20180104,0,75,52,95,29
20180105,0,73,54,94,40
20180106,0,71,57,95,59
20180107,0,70,54,94,56
20180108,0.24,71,59,91,48
20180109,1.56,64,55,95,63
20180110,0.1,62,52,93,73
20180111,0.04,69,49,94,52
20180112,0.02,72,49,96,51
20180113,0,80,54,78,17
20180114,0,80,55,75,16
20180115,0,72,53,82,26
20180116,0,70,50,93,46
20180117,0,74,52,92,35
20180118,0,74,52,92,39
20180119,0.01,64,54,93,64
20180120,0,60,49,65,41
20180121,0,62,44,73,37
20180122,0,66,44,61,24
20180123,0,72,45,50,20
20180124,0,77,48,45,10
20180125,0,63,44,81,36
20180126,0,62,47,83,39
20180127,0,70,45,66,18
20180128,0,81,49,39,13
20180129,0,84,53,36,12
20180130,0,82,58,32,12
20180131,0,77,54,49,15
20180201,0,74,52,90,34
20180202,0,79,54,66,17
20180203,0,77,54,53,21
20180204,0,82,52,68,21
20180205,0,69,50,93,54
20180206,0,65,52,92,63
20180207,0,80,50,95,17
20180208,0,78,51,73,13
20180209,0,65,48,93,63
20180210,0,64,55,84,62
20180211,0,68,52,91,52
20180212,0,61,54,79,52
20180213,0.01,65,49,82,40
20180214,0,70,53,89,38
20180215,0,69,52,90,45
20180216,0,76,53,65,15
20180217,0,75,49,45,12
20180218,0,67,50,76,37
20180219,0,58,46,70,34
20180220,0,57,39,68,20
20180221,0,60,40,65,34
20180222,0.04,59,43,80,56
20180223,0,58,45,,
20180224,0,63,41,62,22
20180225,0,68,39,63,29
20180226,0,63,44,77,39
20180227,0.48,57,44,95,50
20180228,0,61,42,88,55
20180301,0,62,45,87,53
20180302,0,65,45,89,52
20180303,0.12,63,52,98,57
20180304,0.02,61,47,84,44
20180305,0,70,44,76,18
20180306,0,76,50,51,12
20180307,0,72,50,79,19
20180308,0,71,52,87,31
20180309,0,69,51,94,57
20180310,0.54,60,57,100,88
20180311,0,68,57,94,73
20180312,0,69,57,94,71
20180313,0.02,70,57,99,71
20180314,0.04,67,58,99,59
20180315,0.08,63,50,92,54
20180316,0,63,53,84,49
20180317,0.24,63,50,99,55
20180318,0,62,47,91,50
20180319,0,70,47,89,37
20180320,0,71,50,90,36
20180321,0,76,52,71,27
20180322,0,73,58,89,48
20180323,0,66,56,97,74
20180324,0,64,52,88,56
20180325,0,63,50,82,49
20180326,0,63,48,75,50
20180327,0,68,47,71,32
20180328,0,73,49,96,32
20180329,0,71,49,100,54
20180330,0,69,55,99,54
20180331,0,69,52,100,67
20180401,0,66,54,93,66
20180402,0,64,57,84,69
20180403,0,68,56,92,64
20180404,0,66,55,93,76
20180405,0,67,55,94,62
20180406,0,68,54,94,65
20180407,0,73,57,94,68
20180408,0,73,55,92,60
20180409,0,80,54,94,48
20180410,0,86,55,97,20
20180411,0.01,74,56,99,52
20180412,0,66,53,86,54
20180413,0.01,75,51,80,21
20180414,0,84,52,39,12
20180415,0,76,55,93,23
20180416,0,66,54,93,52
20180417,0.02,65,49,77,35
20180418,0.01,66,49,88,61
20180419,0.01,63,50,85,54
20180420,0,67,50,92,48
20180421,0.01,77,51,96,38
20180422,0,75,53,98,47
20180423,0,72,54,100,58
20180424,0,70,54,98,61
20180425,0.09,68,54,90,62
20180426,0,67,56,84,63
20180427,0,67,54,93,60
20180428,0,69,54,86,60
20180429,0,66,56,84,64
20180430,0,62,55,93,73
20180501,0,61,52,96,62
20180502,0,64,52,96,61
20180503,0,69,50,92,57
20180504,0.01,86,54,94,30
20180505,0.1,81,55,96,44
20180506,0,76,55,91,56
20180507,0,69,55,96,66
20180508,0,68,54,96,68
20180509,0,71,58,92,65
20180510,0,68,58,94,72
20180511,0,61,56,87,75
20180512,0,64,54,96,64
20180513,0,68,56,87,54
20180514,0,69,55,89,65
20180515,0,69,58,83,60
20180516,0,69,58,89,59
20180517,0,66,56,92,64
20180518,0.01,65,58,89,70
20180519,0,66,58,84,72
20180520,0,66,58,91,72
20180521,0,64,57,95,68
20180522,0,66,57,85,60
20180523,0,68,57,89,71
20180524,0.01,66,58,92,70
20180525,0,69,59,84,57
20180526,0,68,56,89,60
20180527,0,70,58,83,62
20180528,0,70,59,91,66
20180529,0.01,66,59,91,77
20180530,0,68,59,92,70
20180531,0.01,70,59,96,64
20180601,0,71,58,93,61
20180602,0,73,55,96,63
20180603,0.01,73,60,94,64
20180604,0,69,60,91,73
20180605,0.02,68,60,91,70
20180606,0,70,60,87,66
20180607,0,70,58,92,63
20180608,0.04,77,56,96,59
20180609,0.01,78,62,95,54
20180610,0.02,73,61,95,65
20180611,0.04,75,61,96,64
20180612,0.04,74,61,96,66
20180613,0.03,75,61,94,66
20180614,0.02,82,63,93,57
20180615,0,75,63,90,68
20180616,0,66,61,86,71
20180617,0,69,60,84,57
20180618,0,71,61,86,57
20180619,0.02,71,61,88,68
20180620,0.02,72,60,94,73
20180621,0,72,62,92,74
20180622,0,75,62,91,70
20180623,0,66,60,94,78
20180624,0.02,70,60,89,71
20180625,0,72,61,91,67
20180626,0.01,75,60,94,64
20180627,0,74,60,94,66
20180628,0.01,70,60,88,68
20180629,0,68,61,84,73
20180630,0.01,69,60,88,68
20180701,0.01,72,61,88,64
20180702,0,75,61,90,65
20180703,0.02,73,61,91,63
20180704,0.01,75,62,91,62
20180705,0.02,82,62,93,56
20180706,0,98,60,,
20180707,0,86,68,,
20180708,0.01,86,69,,
20180709,0,82,69,92,58
20180710,0,80,67,93,54
20180711,0,79,66,94,65
20180712,0,78,68,91,68
20180713,0,80,67,91,70
20180714,0.01,79,68,93,70
20180715,0.02,79,64,94,68
20180716,0.02,78,65,93,71
20180717,0,77,66,90,74
20180718,0.02,76,65,93,71
20180719,0.01,79,65,92,67
20180720,0,76,66,92,72
20180721,0,80,68,92,63
20180722,0,84,67,90,60
20180723,0,85,67,93,59
20180724,0.23,85,67,95,63
20180725,0,79,67,95,71
20180726,0.06,77,66,97,75
20180727,0.14,87,66,94,61
20180728,0.09,77,68,93,71
20180729,0.15,88,68,92,39
20180730,0,83,69,93,64
20180731,0.02,83,69,93,54
20180801,0.01,85,70,89,53
20180802,0.06,84,69,92,57
20180803,0,84,69,95,67
20180804,0.02,83,67,95,65
20180805,0.01,83,67,95,61
20180806,0,85,67,95,57
20180807,0.01,90,69,97,36
20180808,0,90,70,,
20180809,0.02,90,74,,
20180810,0,89,74,,
20180811,0.01,87,72,93,48
20180812,0.02,83,69,94,62
20180813,0.02,80,68,95,59
20180814,0.03,80,67,90,66
20180815,0.01,79,68,90,70
20180816,0.04,79,68,90,72
20180817,0,80,70,88,71
20180818,0,81,70,93,69
20180819,0.02,80,68,91,68
20180820,0.02,79,68,90,69
20180821,0.01,80,70,88,64
20180822,0,81,69,86,66
20180823,0,79,68,88,65
20180824,0,77,67,87,64
20180825,0.02,78,68,84,64
20180826,0.01,78,65,92,63
20180827,0,77,65,91,63
20180828,0,78,64,90,63
20180829,0,82,65,93,62
20180830,0,83,65,95,55
20180831,0,79,64,95,64
20180901,0.01,74,65,94,69
20180902,0,75,66,86,64
20180903,0,77,66,86,67
20180904,0,74,66,89,74
20180905,0,78,66,87,65
20180906,0,75,66,92,71
20180907,0,77,65,94,73
20180908,0,84,64,98,63
20180909,0.01,76,63,99,74
20180910,0,77,60,95,67
20180911,0,76,61,92,64
20180912,0,78,63,93,62
20180913,0,79,62,94,65
20180914,0,86,63,96,38
20180915,0,81,65,97,51
20180916,0,81,63,97,57
20180917,0,81,62,95,58
20180918,0.01,80,55,,
20180919,0.02,63,61,96,61
20180920,0,71,61,95,70
20180921,0,76,58,93,66
20180922,0,79,63,96,68
20180923,0,75,64,96,71
20180924,0,69,64,87,75
20180925,0,74,64,88,67
20180926,0,74,65,90,72
20180927,0,76,62,96,71
20180928,0,74,64,95,67
20180929,0,77,63,91,58
20180930,0,82,63,91,60
20181001,0,88,68,82,44
20181002,0,77,65,92,57
20181003,0,77,64,95,56
20181004,0,76,65,93,66
20181005,0.01,74,63,96,66
20181006,0,70,62,93,73
20181007,0.01,72,60,92,68
20181008,0,73,58,94,64
20181009,0,73,60,91,61
20181010,0,71,57,85,60
20181011,0,74,61,77,49
20181012,0.14,73,57,95,58
20181013,0.33,72,59,96,63
20181014,0,73,59,91,59
20181015,0,79,58,95,11
20181016,0,78,54,78,13
20181017,0,80,56,52,21
20181018,0,82,56,57,25
20181019,0,86,58,47,19
20181020,0,85,61,85,19
20181021,0,76,58,95,49
20181022,0,71,61,90,66
20181023,0,72,60,92,70
20181024,0,73,61,96,68
20181025,0,76,60,96,61
20181026,0.01,80,53,,
20181027,0.01,84,53,,
20181028,0.01,78,53,,
20181029,0.01,82,56,,
20181030,0,72,56,,
20181031,0,79,53,,
20181101,0,82,51,,
20181102,0,88,52,,
20181103,0,86,54,,
20181104,0,80,52,,
20181105,0.01,74,49,,
20181106,0,74,61,,
20181107,0,71,59,,
20181108,0,73,52,,
20181109,0,80,47,,
20181110,0,81,48,,
20181111,0,76,46,,
20181112,0,78,41,,
20181113,0,79,45,,
20181114,0,79,49,,
20181115,0,77,45,,
20181116,0,76,45,,
20181117,0,74,46,,
20181118,0,74,46,,
20181119,0.01,74,45,,
20181120,0,69,49,,
20181121,0,67,57,,
20181122,0.19,68,50,,
20181123,0,69,50,,
20181124,0,69,52,,
20181125,0,73,50,,
20181126,0,77,49,,
20181127,0,76,46,,
20181128,0,62,58,,
20181129,0.81,63,57,99,71
20181130,0.19,65,57,92,63
20181201,0.02,66,53,87,60
20181202,0,63,49,70,44
20181203,0,69,46,76,26
20181204,0,71,49,90,23
20181205,0.53,64,45,96,47
20181206,0.74,66,54,97,75
20181207,0.57,68,53,94,57
20181208,0.06,70,51,93,51
20181209,0.04,72,50,87,48
20181210,0.03,68,52,97,48
20181211,0.03,66,52,98,66
20181212,0.02,64,51,95,66
20181213,0.01,79,49,98,21
20181214,0.01,70,51,88,22
20181215,0,70,50,89,31
20181216,0,71,46,96,50
20181217,0,66,53,97,63
20181218,0,67,52,96,67
20181219,0,71,50,98,51
20181220,0,73,48,99,34
20181221,0,65,50,100,67
20181222,0,69,47,99,51
20181223,0,66,51,100,68
20181224,0.01,64,51,100,72
20181225,0.19,60,48,97,71
20181226,0.02,64,47,93,56
20181227,0.06,66,45,,
20181228,0.01,62,42,92,20
20181229,0,61,39,57,20
20181230,0,63,43,82,35
20181231,0.13,61,46,91,67
20190101,0.03,59,41,80,17
20190102,0,61,36,55,16
20190103,0,62,39,67,18
20190104,0,64,39,73,25
20190105,0.12,59,49,96,43
20190106,0.11,62,49,98,59
20190107,0.02,65,44,91,44
20190108,0.01,70,49,88,40
20190109,0,66,48,93,66
20190110,0,64,51,96,69
20190111,0,60,47,100,78
20190112,0.48,62,48,96,69
20190113,0,60,47,94,67
20190114,0.5,59,52,97,60
20190115,0.27,63,54,97,68
20190116,0.13,69,56,97,56
20190117,0.28,62,57,100,80
20190118,0.01,64,54,100,78
20190119,0,72,49,98,42
20190120,0,74,53,97,37
20190121,0.02,61,50,97,46
20190122,0,66,45,86,31
20190123,0,67,42,69,20
20190124,0,74,45,71,25
20190125,0,75,47,55,19
20190126,0,80,51,55,16
20190127,0,77,51,46,18
20190128,0,75,49,97,28
20190129,0,67,50,100,60
20190130,0,65,54,94,66
20190131,0.73,63,51,98,73
20190201,0.02,63,49,99,68
20190202,0.82,65,50,98,59
20190203,0.03,63,48,96,64
20190204,0.9,62,52,96,74
20190205,0.29,58,49,96,58
20190206,0,56,44,69,41
20190207,0,63,40,74,33
20190208,0,62,41,84,34
20190209,0.01,61,47,90,66
20190210,0.07,61,44,92,55
20190211,0,62,43,81,30
20190212,0,73,42,65,11
20190213,0.56,65,50,99,27
20190214,1.04,63,52,100,89
20190215,0.12,63,49,99,58
20190216,0.01,59,49,93,58
20190217,0.12,59,49,85,56
20190218,0.08,57,43,81,46
20190219,0,59,37,85,26
20190220,0.06,57,40,83,52
20190221,0.16,56,41,90,62
20190222,0,58,38,88,42
20190223,0,63,41,72,25
20190224,0,64,42,81,35
20190225,0,66,44,90,41
20190226,0,64,45,96,66
20190227,0,63,48,96,63
20190228,0,70,51,93,52
20190301,0,66,54,96,74
20190302,0.24,62,54,99,87
20190303,0.03,63,55,99,72
20190304,0.02,61,50,94,70
20190305,0.03,69,46,95,47
20190306,0.15,66,57,99,58
20190307,0.11,64,53,100,63
20190308,0.09,60,49,86,57
20190309,0,59,46,86,62
20190310,0,62,46,86,51
20190311,0.32,61,47,96,58
20190312,0.2,63,50,96,62
20190313,0,63,50,83,62
20190314,0,69,47,90,23
20190315,0,71,47,60,25
20190316,0,75,49,74,25
20190317,0,76,50,77,28
20190318,0,67,51,94,50
20190319,0,64,52,99,75
20190320,0.15,65,52,89,70
20190321,0.25,63,50,95,58
20190322,0,63,48,97,63
20190323,0,64,49,94,62
20190324,0,65,50,93,66
20190325,0,70,49,95,63
20190326,0,69,50,96,61
20190327,0,67,53,95,64
20190328,0,68,52,94,60
20190329,0,67,50,94,58
20190330,0,72,50,85,41
20190331,0,81,53,70,20
20190401,0,81,57,94,26
20190402,0,66,55,96,68
20190403,0.02,66,54,95,58
20190404,0,66,54,90,61
20190405,0.04,66,54,94,67
20190406,0.06,68,55,96,63
20190407,0,77,49,94,50
20190408,0,82,57,95,36
20190409,0,71,53,96,64
20190410,0,71,50,81,30
20190411,0,70,45,88,37
20190412,0.01,68,50,88,46
20190413,0,73,46,85,43
20190414,0,73,52,89,44
20190415,0,68,52,95,62
20190416,0.02,64,54,89,65
20190417,0,76,51,93,52
20190418,0,78,53,93,44
20190419,0,72,52,95,66
20190420,0,66,57,86,61
20190421,0,65,48,82,59
20190422,0,68,48,91,58
20190423,0,70,49,95,68
20190424,0,73,58,98,64
20190425,0,71,58,94,64
20190426,0,68,58,92,67
20190427,0,72,57,89,65
20190428,0.01,68,58,90,66
20190429,0.01,66,56,93,71
20190430,0.17,64,56,98,72
20190501,0,67,58,82,57
20190502,0,68,54,92,66
20190503,0,69,56,92,63
20190504,0,70,56,89,62
20190505,0,69,56,83,60
20190506,0.04,69,56,90,60
20190507,0,67,56,87,60
20190508,0.02,63,56,92,74
20190509,0.04,65,57,96,69
20190510,0.03,65,57,97,74
20190511,0.17,69,59,95,64
20190512,0,71,58,96,69
20190513,0,70,61,84,70
20190514,0,71,59,88,65
20190515,0,66,59,87,73
20190516,0.17,66,56,94,59
20190517,0.01,67,54,84,59
20190518,0,69,51,86,62
20190519,0.24,66,55,96,67
20190520,0.12,65,54,91,61
20190521,0.02,64,56,81,62
20190522,0.32,65,55,89,62
20190523,0,67,55,89,58
20190524,0,68,51,91,56
20190525,0,67,53,92,55
20190526,0.15,64,56,94,60
20190527,0,65,53,88,58
20190528,0,67,50,88,63
20190529,0,69,54,92,66
20190530,0.01,70,59,90,67
20190531,0,67,59,88,71
20190601,0.01,67,59,83,65
20190602,0,68,59,80,65
20190603,0,66,60,91,76
20190604,0,66,60,92,79
20190605,0,68,59,96,76
20190606,0,69,60,95,77
20190607,0,67,60,92,78
20190608,0,69,58,93,69
20190609,0,72,57,93,62
20190610,0,71,58,,
20190611,0,70,58,98,71
20190612,0,75,62,96,69
20190613,0,72,60,91,71
20190614,0,71,60,84,64
20190615,0,74,60,87,69
20190616,0,68,62,89,77
20190617,0,66,60,94,77
20190618,0,71,59,88,66
20190619,0,72,59,88,70
20190620,0,69,61,94,71
20190621,0.05,68,60,97,74
20190622,0,71,61,87,63
20190623,0,72,62,92,71
20190624,0,70,62,96,75
20190625,0,69,61,90,71
20190626,0,70,58,89,63
20190627,0,72,62,84,64
20190628,0.01,74,61,90,66
20190629,0,76,60,95,64
20190630,0,76,60,94,49
20190701,0,76,61,98,64
20190702,0.01,76,59,95,68
20190703,0.01,74,60,90,70
20190704,0,73,58,88,65
20190705,0,72,62,87,66
20190706,0,75,60,87,69
20190707,0,71,61,86,68
20190708,0,71,62,86,65
20190709,0,76,61,,
20190710,0,76,61,94,66
20190711,0,75,62,94,67
20190712,0,76,61,92,69
20190713,0,78,61,97,70
20190714,0,77,61,97,73
20190715,0.03,75,61,95,60
20190716,0,76,61,99,79
20190717,0.01,77,61,,
20190718,0,78,61,91,67
20190719,0,75,61,85,68
20190720,0.01,77,61,88,65
20190721,0.02,75,61,,
20190722,0,77,62,90,64
20190723,0,76,62,92,54
20190724,0,75,62,,
20190725,0,75,62,,
20190726,0,77,62,96,58
20190727,0,81,67,96,60
20190728,0.01,76,63,94,73
20190729,0,77,62,94,65
20190730,0,72,62,92,70
20190731,0,76,62,94,68
20190801,0,79,65,93,69
20190802,0,78,66,94,63
20190803,0,79,63,95,65
20190804,0,79,64,,
20190805,0,79,65,95,68
20190806,0,78,64,91,68
20190807,0,78,62,92,70
20190808,0,77,64,,
20190809,0.02,78,62,95,64
20190810,0,77,64,92,61
20190811,0,80,65,,
20190812,0.01,76,62,93,68
20190813,0,77,62,94,66
20190814,0,79,64,98,63
20190815,0,78,65,95,65
20190816,0,75,63,95,67
20190817,0,74,62,89,65
20190818,0,77,59,88,64
20190819,0,80,60,91,66
20190820,0,79,65,92,66
20190821,0,81,63,97,62
20190822,0,79,62,99,77
20190823,0,79,62,92,66
20190824,0,78,63,94,68
20190825,0.01,79,63,95,43
20190826,0.01,85,68,93,41
20190827,0,80,67,93,64
20190828,0,79,64,91,66
20190829,0,83,62,95,69
20190830,0,84,65,97,63
20190831,0,78,63,94,68
20190901,0,79,63,95,69
20190902,0.01,90,66,97,35
20190903,0,81,63,95,48
20190904,0,86,70,96,49
20190905,0.01,86,69,95,61
20190906,0,85,68,96,42
20190907,0,84,67,96,53
20190908,0,75,63,91,61
20190909,0,77,59,89,66
20190910,0,77,61,84,63
20190911,0,79,62,91,53
20190912,0,82,58,92,68
20190913,0,84,65,99,62
20190914,0,88,65,96,32
20190915,0,77,62,96,46
20190916,0.02,80,65,96,57
20190917,0,78,63,96,58
20190918,0.02,76,61,96,60
20190919,0,74,62,92,63
20190920,0,75,57,92,58
20190921,0,80,57,94,63
20190922,0.01,78,62,97,63
20190923,0,80,59,96,64
20190924,0,80,61,94,51
20190925,0,79,63,97,74
20190926,0,73,67,88,75
20190927,0,73,66,87,68
20190928,0.06,74,63,97,67
20190929,0,70,58,81,54
20190930,0,74,48,83,48
20191001,0,72,56,86,47
20191002,0,75,55,89,53
20191003,0,78,51,92,55
20191004,0,75,55,91,43
20191005,0,81,47,92,40
20191006,0,75,60,94,38
20191007,0,77,59,93,35
20191008,0,79,57,99,51
20191009,0,74,53,91,65
20191010,0,74,53,88,55
20191011,0,86,52,92,10
20191012,0,76,54,95,20
20191013,0,73,53,97,65
20191014,0,72,59,91,54
20191015,0,78,56,96,50
20191016,0,82,57,98,43
20191017,0,76,54,98,69
20191018,0,76,53,92,58
20191019,0,78,55,96,42
20191020,0,76,54,96,43
20191021,0,89,60,63,16
20191022,0,94,62,35,12
20191023,0.01,90,55,96,22
20191024,0,93,60,,
20191025,0,89,64,23,10
20191026,0,84,61,91,17
20191027,0,69,52,97,70
20191028,0,75,54,85,22
20191029,0,70,51,90,43
20191030,0,78,50,88,5
20191031,0,78,48,42,6
20191101,0,77,44,64,7
20191102,0,81,47,94,7
20191103,0,80,46,81,12
20191104,0,79,47,91,18
20191105,0,74,45,95,36
20191106,0,70,52,96,66
20191107,0,72,56,98,59
20191108,0,72,52,100,31
20191109,0,86,60,100,19
20191110,0,73,55,100,67
20191111,0,67,55,97,69
20191112,0,74,50,100,55
20191113,0,71,51,100,63
20191114,0,74,48,98,63
20191115,0.01,71,55,98,60
20191116,0,70,50,96,55
20191117,0,88,53,,
20191118,0,92,61,68,11
20191119,0.02,82,59,98,30
20191120,0.04,62,53,,
20191121,0.06,65,53,98,67
20191122,0.03,69,51,85,48
20191123,0.01,71,51,76,38
20191124,0,73,51,86,28
20191125,0,67,47,87,62
20191126,0,68,48,89,35
20191127,0.18,64,49,97,45
20191128,0.05,61,49,97,71
20191129,0.1,59,46,93,53
20191130,0.01,63,47,91,47
20191201,0.01,66,47,75,39
20191202,0,73,49,91,43
20191203,0,68,51,93,55
20191204,0.01,61,57,100,89
20191205,0.01,68,52,100,62
20191206,0,72,53,94,48
20191207,0,64,60,98,83
20191208,0.01,63,57,100,90
20191209,0.01,65,51,99,69
20191210,0.01,70,48,96,49
20191211,0,66,47,96,59
20191212,0,69,51,97,56
20191213,0,70,50,100,65
20191214,0,67,56,95,70
20191215,0,63,48,88,46
20191216,0,68,44,70,19
20191217,0,68,42,51,9
20191218,0,64,43,60,16
20191219,0,64,41,73,32
20191220,0,75,45,71,19
20191221,0,71,48,49,22
20191222,0,64,51,78,34
20191223,0.05,59,51,100,55
20191224,0.11,61,50,100,66
20191225,0.02,60,47,94,58
20191226,0.03,66,44,,
20191227,0.06,66,45,,
20191228,0.09,65,46,,
20191229,0.08,66,45,,
20191230,0.06,66,45,,
20191231,0.02,66,45,,
20200101,0.05,68,47,,
20200102,0,68,47,95,49
20200103,0,71,50,99,29
20200104,0,70,46,98,40
20200105,0,67,44,100,48
20200106,0,78,43,86,15
20200107,0,74,48,93,16
20200108,0,62,43,80,64
20200109,0.26,62,48,99,62
20200110,0,65,44,99,50
20200111,0,62,42,84,55
20200112,0,62,46,90,58
20200113,0,63,48,92,59
20200114,0,63,47,95,61
20200115,0,65,43,98,59
20200116,0.12,65,48,,
20200117,0.17,61,48,100,63
20200118,0,71,41,93,39
20200119,0,76,48,99,24
20200120,0,64,47,99,65
20200121,0.33,60,50,100,76
20200122,0,64,49,98,65
20200123,0,73,45,98,49
20200124,0,71,46,100,51
20200125,0,68,45,100,64
20200126,0,61,52,97,74
20200127,0,70,46,95,60
20200128,0,73,48,100,32
20200129,0,69,42,100,18
20200130,0,72,46,79,23
20200131,0,78,45,64,18
20200201,0,80,52,41,16
20200202,0,66,53,85,34
20200203,0,63,51,78,20
20200204,0,59,36,40,15
20200205,0,61,37,60,14
20200206,0,64,43,85,27
20200207,0,66,43,95,45
20200208,0,66,45,99,59
20200209,0.09,57,50,93,74
20200210,0.21,58,49,96,75
20200211,0,70,41,93,40
20200212,0,63,44,95,45
20200213,0,69,40,95,45
20200214,0,65,45,100,56
20200215,0,66,49,97,46
20200216,0,69,42,99,54
20200217,0,66,50,100,64
20200218,0,64,54,93,70
20200219,0,66,53,94,70
20200220,0.01,68,51,98,44
20200221,0,74,49,93,40
20200222,0.08,63,53,91,66
20200223,0,64,51,90,63
20200224,0,67,49,97,65
20200225,0,78,49,98,18
20200226,0,76,52,50,15
20200227,0,81,50,,
20200228,0,83,55,,
20200229,0,66,50,78,46
20200301,0,60,47,87,55
20200302,0.02,61,44,94,57
20200303,0,73,44,94,23
20200304,0,66,51,98,66
20200305,0,75,52,98,51
20200306,0,67,54,100,66
20200307,0,64,56,80,59
20200308,0.05,64,53,98,57
20200309,0.11,72,49,91,39
20200310,0.05,65,57,100,81
20200311,0,69,58,100,68
20200312,0.02,64,55,99,71
20200313,0.35,61,54,97,81
20200314,0.06,66,55,99,59
20200315,0,65,50,95,61
20200316,0.33,64,53,97,59
20200317,0.11,62,50,98,49
20200318,0.28,57,48,90,66
20200319,0.02,63,49,93,60
20200320,0.04,63,50,92,59
20200321,0,65,50,91,60
20200322,0.07,68,50,89,49
20200323,0.06,66,51,93,60
20200324,0,65,51,88,59
20200325,0.02,64,52,86,56
20200326,0.12,60,49,75,47
20200327,0.28,61,45,92,42
20200328,0,63,45,81,55
20200329,0,65,49,86,60
20200330,0,68,51,89,57
20200331,0,70,50,97,54
20200401,0,68,48,100,74
20200402,0,64,54,86,66
20200403,0,65,49,88,61
20200404,0,64,54,87,63
20200405,0.07,65,54,89,62
20200406,0.05,64,54,99,66
20200407,0.04,62,52,99,76
20200408,0,60,49,98,58
20200409,0.01,62,50,98,63
20200410,0.01,57,52,98,89
20200411,0,65,49,94,68
20200412,0.18,64,55,90,71
20200413,0.13,63,54,98,74
20200414,0.12,70,56,93,65
20200415,0.1,76,52,94,29
20200416,0.07,74,51,96,50
20200417,0.05,66,54,96,57
20200418,0.04,65,55,95,63
20200419,0.04,64,55,95,69
20200420,0.02,65,57,94,70
20200421,0.02,68,56,87,61
20200422,0.04,70,55,,
20200423,0,80,56,93,45
20200424,0,71,54,98,48
20200425,0,71,53,100,40
20200426,0,84,59,100,40
20200427,0,70,60,98,73
20200428,0,72,60,99,74
20200429,0,70,61,98,79
20200430,0,73,62,99,72
20200501,0,73,60,94,66
20200502,0.01,74,58,95,63
20200503,0,71,59,91,66
20200504,0.02,74,58,94,64
20200505,0,81,59,95,48
20200506,0,72,55,97,28
20200507,0,71,54,,
20200508,0.01,72,61,100,67
20200509,0,72,63,90,73
20200510,0,71,62,93,73
20200511,0,71,59,86,64
20200512,0,71,56,,
20200513,0.01,69,56,,
20200514,0.03,70,55,90,65
20200515,0,73,59,91,66
20200516,0.01,71,59,94,73
20200517,0,71,56,,
20200518,0,72,61,83,60
20200519,0,67,56,80,54
20200520,0,70,56,92,56
20200521,0.03,74,54,96,48
20200522,0,69,60,96,68
20200523,0,67,58,89,64
20200524,0,71,56,91,68
20200525,0,76,59,95,59
20200526,0,70,57,95,49
20200527,0,70,56,97,60
20200528,0,72,62,90,73
20200529,0,69,63,91,72
20200530,0,72,62,84,61
20200531,0,74,61,90,63
20200601,0,77,59,95,49
20200602,0,74,60,96,65
20200603,0,81,62,,
20200604,0,69,61,98,78
20200605,0,72,61,95,64
20200606,0.21,70,61,95,67
20200607,0,70,56,,
20200608,0,83,56,,
20200609,0,72,57,,
20200610,0,92,56,,
20200611,0,78,60,,
20200612,0,71,58,91,64
20200613,0,74,59,88,61
20200614,0,72,60,94,63
20200615,0,72,60,95,68
20200616,0,70,62,86,70
20200617,0,69,59,85,69
20200618,0,70,61,83,62
20200619,0,72,62,83,64
20200620,0,71,62,89,69
20200621,0,71,63,90,73
20200622,0,73,63,88,69
20200623,0,74,59,90,72
20200624,0,75,61,93,78
20200625,0,74,60,,
20200626,0,76,60,,
20200627,0,76,62,88,69
20200628,0.04,72,61,97,67
20200629,0.15,70,59,98,65
20200630,0,72,60,81,64
20200701,0.01,71,62,85,71
20200702,0.01,77,58,91,62
20200703,0,75,60,,
20200704,0.01,74,60,95,59
20200705,0.01,75,60,93,38
20200706,0,80,63,99,61
20200707,0,75,64,93,66
20200708,0,74,60,94,69
20200709,0,76,61,,
20200710,0,82,63,94,55
20200711,0.23,76,61,97,50
20200712,0.02,76,61,98,38
20200713,0,78,64,93,67
20200714,0,76,65,87,67
20200715,0.01,78,63,85,64
20200716,0,76,65,84,66
20200717,0,77,65,88,66
20200718,0,79,65,90,65
20200719,0,77,61,,
20200720,0,76,61,,
20200721,0,75,64,88,69
20200722,0,77,62,,
20200723,0,73,61,84,60
20200724,0,74,63,82,62
20200725,0,76,64,88,64
20200726,0,77,63,91,68
20200727,0,76,63,91,67
20200728,0,77,59,91,68
20200729,0,77,63,,
20200730,0,77,62,,
20200731,0,79,62,,
20200801,0,77,63,96,68
20200802,0,79,64,,
20200803,0,75,63,97,69
20200804,0,77,62,100,70
20200805,0,78,64,,
20200806,0,75,60,84,62
20200807,0,76,64,,
20200808,0,77,62,94,64
20200809,0,77,63,91,64
20200810,0,76,63,92,65
20200811,0,76,64,92,65
20200812,0,79,61,98,60
20200813,0.01,80,64,,
20200814,0,78,64,85,32
20200815,0,78,65,93,52
20200816,0,87,67,95,70
20200817,0,78,64,98,60
20200818,0.02,79,64,95,57
20200819,0,79,64,97,73
20200820,0.01,78,63,97,66
20200821,0,77,62,96,58
20200822,0.01,87,72,87,51
20200823,0,87,72,94,64
20200824,0,83,71,89,72
20200825,0,79,63,,
20200826,0,79,63,,
20200827,0,80,63,98,58
20200828,0,80,63,95,67
20200829,0,77,64,87,63
20200830,0,78,61,88,61
20200831,0,77,65,84,67
20200901,0,78,63,,
20200902,0,80,61,,
20200903,0,81,63,,
20200904,0,80,64,,
20200905,0,81,64,,
20200906,0,81,64,,
20200907,0,81,63,,
20200908,0,79,62,,
20200909,0,79,63,,
20200910,0.01,78,62,,
20200911,0,84,57,,
20200912,0,76,61,,
20200913,0,81,58,,
20200914,0,77,61,,
20200915,0.01,77,62,,
20200916,0,77,61,,
20200917,0,77,61,,
20200918,0,76,61,,
20200919,0,75,59,,
20200920,0,79,61,,
20200921,0,76,64,92,65
20200922,0,78,62,,
20200923,0,79,61,100,44
20200924,0,80,61,99,42
20200925,0,79,60,96,66
20200926,0,76,65,89,65
20200927,0,75,63,91,68
20200928,0,82,58,96,64
20200929,0,80,59,100,33
20200930,0,97,67,,
20201001,0,97,70,83,14
20201002,0,93,65,100,18
20201003,0,76,60,,
20201004,0.01,77,60,,
20201005,0,75,60,83,21
20201006,0,75,60,,
20201007,0,80,58,100,65
20201008,0,75,57,,
20201009,0,79,58,,
20201010,0,74,61,,
20201011,0,75,60,,
20201012,0,75,58,,
20201013,0,95,59,,
20201014,0,90,62,,
20201015,0,74,57,,
20201016,0.01,74,57,100,36
20201017,0,78,61,100,72
20201018,0,75,55,100,52
20201019,0,77,62,97,61
20201020,0,74,63,98,66
20201021,0,73,63,84,64
20201022,0,73,63,80,60
20201023,0,74,65,74,57
20201024,0,72,65,77,65
20201025,0.04,70,60,91,61
20201026,0,72,52,97,21
20201027,0,76,48,52,15
20201028,0,76,53,86,15
20201029,0,73,54,97,28
20201030,0,73,53,100,31
20201031,0,73,55,100,29
20201101,0.01,74,54,100,21
20201102,0,76,56,100,56
20201103,0,75,57,100,60
20201104,0.01,73,52,100,44
20201105,0,70,52,,
20201106,0,70,53,100,62
20201107,0,70,52,,
20201108,0.17,64,53,94,54
20201109,0.04,63,48,84,42
20201110,0,67,45,74,33
20201111,0.09,73,52,,
20201112,0,70,47,89,24
20201113,0,68,48,91,54
20201114,0,68,53,91,57
20201115,0,82,55,78,16
20201116,0,70,50,44,13
20201117,0,81,55,99,19
20201118,0,67,48,100,64
20201119,0,70,52,100,58
20201120,0,72,50,100,50
20201121,0,71,51,,
20201122,0,70,52,100,57
20201123,0,64,53,100,69
20201124,0.03,70,49,,
20201125,0,66,51,96,65
20201126,0,66,50,96,59
20201127,0,69,44,59,12
20201128,0,74,46,68,13
20201129,0,75,46,62,13
20201130,0,75,49,60,15
20201201,0.04,69,45,,
20201202,0,79,42,45,12
20201203,0.03,71,48,,
20201204,0,71,42,62,10
20201205,0,73,39,55,15
20201206,0,72,38,69,13
20201207,0,68,48,71,16
20201208,0,81,56,70,9
20201209,0.01,68,48,,
20201210,0,63,47,90,63
20201211,0,62,48,85,58
20201212,0,62,48,91,71
20201213,0,70,42,90,27
20201214,0.01,63,49,94,65
20201215,0,68,47,92,30
20201216,0.05,68,46,,
20201217,0.01,62,46,94,41
20201218,0.08,65,45,,
20201219,0,71,45,58,19
20201220,0.06,65,45,,
20201221,0,80,50,100,11
20201222,0,65,46,100,58
20201223,0,70,45,96,15
20201224,0,65,54,42,10
20201225,0,74,49,82,16
20201226,0.03,66,44,,
20201227,0.06,66,45,,
20201228,0.09,65,46,,
20201229,0.08,66,45,,
20201230,0.06,66,45,,
20201231,0.02,66,45,,
20210101,0,69,43,85,25
20210102,0,66,46,85,38
20210103,0,64,45,96,54
20210104,0,65,45,96,63
20210105,0,60,46,100,76
20210106,0,62,44,100,72
20210107,0,65,45,100,37
20210108,0,65,46,100,44
20210109,0,69,43,99,33
20210110,0,72,47,73,15
20210111,0,70,44,47,22
20210112,0,71,48,52,15
20210113,0,67,48,58,19
20210114,0,69,49,46,13
20210115,0,85,56,34,11
20210116,0,82,53,49,14
20210117,0,82,54,58,16
20210118,0,68,47,93,31
20210119,0,68,52,91,18
20210120,0.02,69,57,75,36
20210121,0,68,52,100,55
20210122,0.02,62,50,100,69
20210123,0.28,58,45,95,68
20210124,0.04,58,43,97,62
20210125,0.1,54,47,89,53
20210126,0.01,58,44,68,40
20210127,0,62,41,74,32
20210128,0.07,64,44,83,29
20210129,0.05,62,46,100,64
20210130,0.02,62,44,97,53
20210131,0.01,68,45,90,30
20210201,0.01,70,55,76,33
20210202,0.01,67,54,95,43
20210203,0,64,51,100,72
20210204,0.01,62,50,94,66
20210205,0,67,46,100,45
20210206,0,68,50,100,39
20210207,0,67,50,100,54
20210208,0,60,50,93,69
20210209,0,62,51,83,65
20210210,0,61,50,94,61
20210211,0,67,46,97,60
20210212,0,63,50,96,65
20210213,0,61,48,95,67
20210214,0,64,48,100,49
20210215,0,63,47,86,69
20210216,0,63,50,100,68
20210217,0,64,47,95,58
20210218,0,69,46,87,14
20210219,0,68,45,76,21
20210220,0,65,46,83,60
20210221,0,77,44,85,11
20210222,0,79,41,88,12
20210223,0,75,50,95,17
20210224,0,69,46,93,30
20210225,0,72,46,99,24
20210226,0,73,45,92,22
20210227,0,65,47,97,34
20210228,0,73,42,88,16
20210301,0,75,44,64,10
20210302,0,72,43,85,13
20210303,0.11,61,46,96,58
20210304,0.14,65,48,98,58
20210305,0.04,67,53,98,44
20210306,0,67,51,100,51
20210307,0,62,49,91,62
20210308,0,65,52,92,66
20210309,0,61,48,96,55
20210310,0.05,61,49,97,54
20210311,0.23,59,46,91,53
20210312,0,59,45,89,51
20210313,0,62,47,83,62
20210314,0,60,51,83,57
20210315,0,56,50,98,55
20210316,0,59,46,81,51
20210317,0,62,42,87,58
20210318,0,64,47,93,63
20210319,0,69,47,97,52
20210320,0,64,50,98,53
20210321,0,62,46,88,57
20210322,0,64,46,83,53
20210323,0,62,50,91,64
20210324,0,65,47,92,50
20210325,0.19,62,49,91,57
20210326,0.02,62,49,89,53
20210327,0,71,41,88,28
20210328,0,66,52,63,15
20210329,0,68,50,93,35
20210330,0,66,52,94,64
20210331,0,86,48,,
20210401,0,87,53,94,10
20210402,0,68,54,98,62
20210403,0,69,52,98,63
20210404,0,69,51,100,50
20210405,0,67,55,98,66
20210406,0,69,54,93,62
20210407,0,71,53,96,54
20210408,0,69,54,100,65
20210409,0,70,55,96,61
20210410,0,69,54,97,63
20210411,0,67,52,96,68
20210412,0,65,54,86,63
20210413,0,59,55,84,73
20210414,0,62,54,83,58
20210415,0,64,50,85,55
20210416,0,67,52,93,58
20210417,0,67,55,91,61
20210418,0,81,54,98,16
20210419,0,71,54,93,17
20210420,0,64,54,98,69
20210421,0,63,55,83,59
20210422,0,60,53,94,73
20210423,0.02,62,54,97,71
20210424,0,66,55,84,62
20210425,0,65,57,80,59
20210426,0.09,62,53,92,64
20210427,0,64,52,80,51
20210428,0.01,72,48,91,45
20210429,0,72,55,98,25
20210430,0,71,55,97,24
20210501,0,69,57,98,70
20210502,0.05,62,55,98,76
20210503,0,70,57,90,61
20210504,0,70,55,94,62
20210505,0,72,53,98,63
20210506,0,64,58,91,71
20210507,0,67,56,87,65
20210508,0,65,56,82,66
20210509,0,68,55,93,67
20210510,0,65,56,84,65
20210511,0,66,56,92,68
20210512,0,69,58,88,71
20210513,0,70,57,89,66
20210514,0,69,59,85,66
20210515,0,66,58,80,65
20210516,0.06,64,56,91,68
20210517,0.01,65,57,91,73
20210518,0,68,59,89,66
20210519,0,68,59,89,71
20210520,0,64,56,83,70
20210521,0,65,54,83,62
20210522,0,64,53,80,57
20210523,0,70,50,91,56
20210524,0,69,58,96,42
20210525,0,75,56,97,60
20210526,0,67,56,93,71
20210527,0,67,58,85,63
20210528,0,69,58,90,65
20210529,0,64,57,91,70
20210530,0,66,58,92,71
20210531,0,68,59,84,69
20210601,0,69,58,93,72
20210602,0,71,57,98,72
20210603,0,67,59,90,71
20210604,0,69,57,90,68
20210605,0,72,59,90,64
20210606,0,68,59,85,67
20210607,0,64,59,88,71
20210608,0,69,59,88,60
20210609,0,70,57,90,58
20210610,0,72,53,91,45
20210611,0,75,54,93,43
20210612,0.01,70,58,95,59
20210613,0,71,57,96,58
20210614,0.01,71,57,97,59
20210615,0,72,57,,
20210616,0,71,57,100,78
20210617,0,72,57,99,73
20210618,0,76,62,96,74
20210619,0,76,61,92,66
20210620,0,73,60,93,69
20210621,0,74,61,88,64
20210622,0,72,64,87,73
20210623,0.01,75,63,92,68
20210624,0,73,61,87,67
20210625,0,76,62,92,61
20210626,0,76,60,92,64
20210627,0,77,60,95,72
20210628,0.01,76,61,97,82
20210629,0,74,63,94,79
20210630,0,76,62,91,72
20210701,0,75,60,91,66
20210702,0,74,59,92,72
20210703,0,75,60,94,71
20210704,0,74,64,89,65
20210705,0,77,63,90,64
20210706,0,76,59,88,65
20210707,0,78,59,91,70
20210708,0,80,61,94,71
20210709,0,79,64,92,62
20210710,0.01,82,65,95,52
20210711,0,81,63,91,69
20210712,0.02,78,62,88,69
20210713,0,79,64,91,67
20210714,0.01,77,61,95,70
20210715,0,75,61,,
20210716,0,78,66,88,65
20210717,0,79,66,88,66
20210718,0,82,68,88,48
20210719,0,82,67,89,51
20210720,0,76,61,,
20210721,0,82,66,93,60
20210722,0,80,65,93,70
20210723,0,77,65,91,65
20210724,0,76,65,89,71
20210725,0,77,65,90,69
20210726,0,73,67,93,78
20210727,0,77,66,94,70
20210728,0,80,64,93,64
20210729,0,80,64,95,59
20210730,0,77,62,94,67
20210731,0,79,62,98,58
20210801,0,80,63,,
20210802,0,79,64,86,39
20210803,0,80,64,94,56
20210804,0,79,64,96,63
20210805,0,78,64,96,64
20210806,0,77,64,,
20210807,0,78,60,94,66
20210808,0,78,60,92,65
20210809,0.02,82,61,94,62
20210810,0,78,65,,
20210811,0,80,65,,
20210812,0,82,64,,
20210813,0.01,80,64,,
20210814,0.01,78,64,,
20210815,0.01,80,66,91,66
20210816,0.01,83,65,96,68
20210817,0,77,68,93,74
20210818,0,77,69,87,69
20210819,0,77,66,89,69
20210820,0,75,66,86,70
20210821,0,75,65,88,58
20210822,0,75,66,81,68
20210823,0,76,64,84,62
20210824,0,77,62,93,63
20210825,0,79,63,,
20210826,0,79,63,,
20210827,0,80,63,97,63
20210828,0,81,62,100,70
20210829,0,80,64,97,70
20210830,0,77,67,97,69
20210831,0,73,65,93,71
20210901,0,75,65,87,65
20210902,0,76,66,83,61
20210903,0,74,65,90,71
20210904,0,80,64,98,34
20210905,0,81,64,97,59
20210906,0,81,66,97,75
20210907,0,81,68,94,59
20210908,0,84,66,96,50
20210909,0,85,67,92,46
20210910,0,78,62,99,58
20210911,0,78,61,97,42
20210912,0,76,61,94,50
20210913,0,75,61,98,59
20210914,0,77,61,,
20210915,0,75,64,84,62
20210916,0,74,62,87,61
20210917,0,74,63,82,61
20210918,0,74,63,86,64
20210919,0,73,61,89,61
20210920,0,76,58,92,65
20210921,0,91,62,93,37
20210922,0,91,67,77,33
20210923,0,79,64,91,64
20210924,0.01,75,63,95,66
20210925,0,74,64,95,74
20210926,0.01,76,60,,
20210927,0,67,63,90,78
20210928,0,72,63,83,66
20210929,0,73,62,90,60
20210930,0.02,79,61,,
20211001,0,88,59,95,14
20211002,0,89,61,92,18
20211003,0,89,62,94,21
20211004,0.28,85,64,94,25
20211005,0.15,75,64,94,64
20211006,0,71,65,92,71
20211007,0,72,65,89,66
20211008,0.09,70,59,98,67
20211009,0,71,57,94,60
20211010,0,77,55,96,49
20211011,0,68,58,100,37
20211012,0,69,53,62,19
20211013,0,73,51,76,22
20211014,0,73,52,90,40
20211015,0,83,52,73,16
20211016,0,87,53,31,12
20211017,0,76,57,88,27
20211018,0,67,53,88,67
20211019,0,67,50,83,50
20211020,0,69,50,90,59
20211021,0,72,53,97,54
20211022,0,68,58,94,67
20211023,0,68,57,93,65
20211024,0,71,57,90,62
20211025,0.3,68,55,97,67
20211026,0,68,53,97,61
20211027,0,78,52,89,30
20211028,0,86,58,60,27
20211029,0,78,60,100,40
20211030,0,67,58,100,73
20211031,0,68,57,91,67
20211101,0,70,55,96,68
20211102,0,67,56,94,70
20211103,0,70,54,100,66
20211104,0.01,69,55,100,69
20211105,0,70,55,100,68
20211106,0,68,56,100,70
20211107,0,71,55,93,65
20211108,0,66,54,93,71
20211109,0,68,54,94,62
20211110,0,70,57,92,65
20211111,0,84,57,92,23
20211112,0,89,61,42,18
20211113,0,88,56,46,21
20211114,0,88,53,73,18
20211115,0,80,56,100,21
20211116,0,65,52,100,71
20211117,0,68,55,94,65
20211118,0,66,52,100,73
20211119,0,66,55,97,71
20211120,0,66,56,92,68
20211121,0,83,51,100,18
20211122,0,84,57,45,14
20211123,0,67,55,99,41
20211124,0,68,52,94,58
20211125,0,77,46,55,9
20211126,0,79,50,42,12
20211127,0,77,51,74,14
20211128,0,70,46,99,14
20211129,0,80,49,100,16
20211130,0,69,47,100,60
20211201,0,69,45,100,50
20211202,0,65,51,100,73
20211203,0,65,54,99,68
20211204,0,64,55,89,71
20211205,0,65,51,100,66
20211206,0,63,48,100,78
20211207,0.01,61,53,94,70
20211208,0,68,51,93,56
20211209,0.2,63,54,100,72
20211210,0,61,48,94,55
20211211,0,67,47,89,29
20211212,0,65,43,93,40
20211213,0,59,49,92,67
20211214,0.01,60,51,100,60
20211215,0,58,44,84,45
20211216,0.01,60,40,100,50
20211217,0.03,65,47,100,55
20211218,0,66,42,97,18
20211219,0,65,43,92,27
20211220,0,67,41,89,25
20211221,0,68,52,100,32
20211222,0,66,49,100,44
20211223,0.52,66,52,99,54
20211224,0,62,51,100,67
20211225,0.24,59,51,100,69
20211226,0.12,59,46,100,53
20211227,0.04,58,45,97,57
20211228,0.03,57,49,100,68
20211229,0.08,58,47,100,73
20211230,0.03,64,53,92,62
20211231,0.02,62,53,92,67
20220101,0.02,62,48,85,52
20220102,0.02,67,42,80,22
20220103,0.01,63,42,83,39
20220104,0,62,42,94,51
20220105,0.01,66,43,93,49
20220106,0,68,44,100,45
20220107,0,60,46,100,80
20220108,0,62,49,96,61
20220109,0,66,45,95,37
20220110,0,73,43,,
20220111,0,80,45,,
20220112,0,78,45,,
20220113,0,75,50,,
20220114,0,74,51,,
20220115,0,68,49,,
20220116,0,71,53,,
20220117,0.14,67,51,,
20220118,0,63,54,,
20220119,0,65,48,,
20220120,0,67,47,,
20220121,0,66,44,,
20220122,0,70,41,,
20220123,0,71,42,,
20220124,0,70,42,,
20220125,0,65,40,,
20220126,0,68,40,,
20220127,0,69,40,,
20220128,0,76,38,,
20220129,0,68,42,,
20220130,0,71,41,,
20220131,0,65,38,,
20220201,0,63,44,,
20220202,0,67,38,,
20220203,0,64,35,,
20220204,0,70,36,,
20220205,0,70,40,,
20220206,0,77,40,,
20220207,0,77,47,,
20220208,0,80,47,,
20220209,0,86,44,,
20220210,0,87,49,,
20220211,0,83,47,,
20220212,0,88,48,,
20220213,0,67,51,,
20220214,0,66,49,,
20220215,0.11,58,46,,
20220216,0,63,40,,
20220217,0,72,41,,
20220218,0,72,39,,
20220219,0,69,49,,
20220220,0,65,42,,
20220221,0,61,50,,
20220222,0.08,58,48,,
20220223,0,55,43,,
20220224,0,60,37,,
20220225,0,60,34,,
20220226,0,69,36,,
20220227,0,67,50,,
20220228,0,67,51,,
20220301,0,67,49,,
20220302,0,67,48,,
20220303,0,64,43,,
20220304,0.05,63,51,,
20220305,0,60,48,,
20220306,0,61,41,,
20220307,0,65,40,,
20220308,0,68,40,,
20220309,0,66,44,,
20220310,0,64,44,,
20220311,0,69,38,,
20220312,0,68,49,,
20220313,0,66,43,,
20220314,0,71,45,,
20220315,0,68,51,,
20220316,0,70,50,,
20220317,0,76,45,,
20220318,0,73,51,,
20220319,0,67,47,,
20220320,0.09,64,49,,
20220321,0,70,46,,
20220322,0,68,52,,
20220323,0,87,51,,
20220324,0,68,52,,
20220325,0,68,52,,
20220326,0,70,52,,
20220327,0,67,55,,
20220328,0.04,68,51,,
20220329,0,64,50,,
20220330,0,65,50,,
20220331,0,61,52,,
20220401,0,67,54,,
20220402,0,61,55,,
20220403,0,62,56,,
20220404,0,68,49,,
20220405,0,72,50,,
20220406,0,71,53,,
20220407,0,71,53,,
20220408,0,70,52,,
20220409,0,80,54,,
20220410,0,65,56,,
20220411,0,66,54,,
20220412,0,65,49,,
20220413,0,67,45,,
20220414,0,70,42,,
20220415,0,70,47,,
20220416,0,68,56,,
20220417,0,68,53,,
20220418,0,70,54,,
20220419,0,72,53,,
20220420,0,69,51,,
20220421,0,69,47,,
20220422,0.14,64,48,,
20220423,0,68,45,,
20220424,0,71,54,,
20220425,0,71,53,,
20220426,0,73,54,,
20220427,0,69,55,,
20220428,0,66,54,,
20220429,0,69,48,,
20220430,0,73,49,,
20220501,0,70,53,,
20220502,0,68,55,,
20220503,0,67,51,,
20220504,0,72,48,,
20220505,0,72,53,,
20220506,0,72,55,,
20220507,0,71,59,,
20220508,0,67,53,,
20220509,0,66,51,,
20220510,0,70,46,,
20220511,0,66,45,,
20220512,0,71,56,,
20220513,0,69,56,,
20220514,0,69,57,,
20220515,0,70,56,,
20220516,0,73,56,,
20220517,0,69,56,,
20220518,0,70,55,,
20220519,0,70,57,,
20220520,0,66,57,,
20220521,0,65,55,,
20220522,0,70,53,,
20220523,0,67,56,,
20220524,0,69,56,,
20220525,0,72,53,,
20220526,0,71,57,,
20220527,0,71,59,,
20220528,0,67,58,,
20220529,0,70,58,,
20220530,0,71,54,,
20220531,0,72,55,,
20220601,0,74,55,,
20220602,0,74,53,,
20220603,0,74,57,,
20220604,0,70,59,,
20220605,0,75,61,,
20220606,0,76,62,,
20220607,0,70,56,,
20220608,0,71,57,,
20220609,0,72,57,,
20220610,0,71,58,,
20220611,0,70,58,,
20220612,0,70,58,,
20220613,0,74,61,,
20220614,0,76,58,,
20220615,0,74,58,,
20220616,0,76,57,,
20220617,0,74,57,,
20220618,0,73,54,,
20220619,0,78,52,,
20220620,0,72,59,,
20220621,0,72,59,,
20220622,0,73,59,,
20220623,0,74,59,,
20220624,0,74,60,,
20220625,0,74,60,,
20220626,0,76,60,,
20220627,0,77,60,,
20220628,0,75,60,,
20220629,0,76,60,,
20220630,0,81,63,,
20220701,0,75,60,,
20220702,0,78,62,,
20220703,0,73,60,,
20220704,0,74,60,,
20220705,0,76,57,,
20220706,0,76,64,,
20220707,0,77,64,,
20220708,0,78,61,,
20220709,0,79,62,,
20220710,0,76,62,,
20220711,0,76,61,,
20220712,0,76,61,,
20220713,0,75,62,,
20220714,0,76,63,,
20220715,0,75,61,,
20220716,0,76,61,,
20220717,0,77,61,,
20220718,0,77,62,,
20220719,0,77,61,,
20220720,0,76,61,,
20220721,0,75,61,,
20220722,0,79,61,,
20220723,0,78,61,,
20220724,0,79,64,,
20220725,0,78,65,,
20220726,0,80,65,,
20220727,0,80,63,,
20220728,0,81,62,,
20220729,0,80,62,,
20220730,0,82,65,,
20220731,0,83,67,,
20220801,0,85,64,,
20220802,0,82,67,,
20220803,0,82,66,,
20220804,0,84,66,,
20220805,0,87,65,,
20220806,0,77,64,,
20220807,0,76,64,,
20220808,0,77,64,,
20220809,0,89,67,,
20220810,0,78,65,,
20220811,0,88,67,,
20220812,0,82,64,,
20220813,0,87,66,,
20220814,0,86,65,,
20220815,0,83,64,,
20220816,0,83,65,,
20220817,0,86,66,,
20220818,0,79,64,,
20220819,0,80,65,,
20220820,0,79,66,,
20220821,0,78,65,,
20220822,0,81,65,,
20220823,0,81,66,,
20220824,0,83,66,,
20220825,0,85,66,,
20220826,0,82,66,,
20220827,0,79,65,,
20220828,0,80,63,,
20220829,0,80,67,,
20220830,0,79,64,,
20220831,0,78,63,,
20220901,0,79,63,,
20220902,0,79,64,,
20220903,0,99,73,,
20220904,0,91,75,,
20220905,0,91,69,,
20220906,0,81,64,,
20220907,0,81,63,,
20220908,0,94,72,,
20220909,0,88,69,,
20220910,0,80,70,,
20220911,0,88,72,,
20220912,0,83,70,,
20220913,0,82,66,,
20220914,0,78,65,,
20220915,0,77,60,,
20220916,0,78,59,,
20220917,0,77,59,,
20220918,0,76,59,,
20220919,0,78,57,,
20220920,0,80,58,,
20220921,0,79,62,,
20220922,0,81,56,,
20220923,0,85,63,,
20220924,0,80,61,,
20220925,0,78,60,,
20220926,0,76,60,,
20220927,0,77,61,,
20220928,0,80,60,,
20220929,0,80,62,,
20220930,0,77,63,,
20221001,0,74,63,,
20221002,0,75,65,,
20221003,0,75,65,,
20221004,0,77,64,,
20221005,0,76,64,,
20221006,0,74,64,,
20221007,0,77,62,,
20221008,0,79,62,,
20221009,0,78,65,,
20221010,0,75,63,,
20221011,0,74,63,,
20221012,0,75,65,,
20221013,0,69,63,,
20221014,0,68,63,,
20221015,0,70,62,,
20221016,0,73,61,,
20221017,0,75,57,,
20221018,0,75,55,,
20221019,0,96,60,,
20221020,0,91,62,,
20221021,0,78,62,,
20221022,0,71,61,,
20221023,0,69,53,,
20221024,0,75,51,,
20221025,0,78,50,,
20221026,0,73,55,,
20221027,0,72,53,,
20221028,0,74,49,,
20221029,0,72,51,,
20221030,0,80,49,,
20221031,0,73,55,,
20221101,0,69,57,,
20221102,0,65,57,,
20221103,0,62,48,,
20221104,0,70,42,,
20221105,0,72,45,,
20221106,0,69,48,,
20221107,0,68,56,,
20221108,0.06,64,53,,
20221109,0.11,63,47,,
20221110,0,65,43,,
20221111,0,71,41,,
20221112,0,69,45,,
20221113,0,64,48,,
20221114,0,69,43,,
20221115,0,71,43,,
20221116,0,74,43,,
20221117,0,72,41,,
20221118,0,69,42,,
20221119,0,73,39,,
20221120,0,77,42,,
20221121,0,76,45,,
20221122,0,72,44,,
20221123,0,73,44,,
20221124,0,78,42,,
20221125,0,76,47,,
20221126,0,74,44,,
20221127,0,72,42,,
20221128,0,61,51,,
20221129,0,62,45,,
20221130,0,61,44,,
20221201,0,62,52,,
20221202,0,67,50,,
20221203,0,69,47,,
20221204,0,67,44,,
20221205,0,64,49,,
20221206,0,62,46,,
20221207,0,63,44,,
20221208,0,61,40,,
20221209,0,61,40,,
20221210,0,63,39,,
20221211,0.1,57,45,,
20221212,0.02,56,43,,
20221213,0,60,41,,
20221214,0,61,39,,
20221215,0,66,46,,
20221216,0,66,41,,
20221217,0,69,40,,
20221218,0,65,40,,
20221219,0,65,37,,
20221220,0,67,38,,
20221221,0,72,38,,
20221222,0,71,43,,
20221223,0,69,44,,
20221224,0,74,42,,
20221225,0,81,47,,
20221226,0,83,49,,
20221227,0,68,50,,
20221228,0.09,64,51,,
20221229,0,60,49,,
20221230,0,59,51,,
20221231,0,61,55,,
20230101,0.05,57,52,,
20230102,0,58,46,,
20230103,0,58,51,,
20230104,0,69,56,,
20230105,0,59,48,,
20230106,0,61,44,,
20230107,0,69,42,,
20230108,0,69,43,,
20230109,0,68,48,,
20230110,0.07,61,46,,
20230111,0,61,46,,
20230112,0,72,45,,
20230113,0,71,44,,
20230114,0.1,59,46,,
20230115,0.05,59,52,,
20230116,0.12,58,50,,
20230117,0.09,56,43,,
20230118,0,61,41,,
20230119,0,58,38,,
20230120,0,60,41,,
20230121,0,63,37,,
20230122,0,59,38,,
20230123,0,63,35,,
20230124,0,64,36,,
20230125,0,69,38,,
20230126,0,68,50,,
20230127,0,68,41,,
20230128,0,60,41,,
20230129,0,56,47,,
20230130,0.05,57,46,,
20230131,0,61,40,,
20230201,0,66,39,,
20230202,0,70,40,,
20230203,0,70,45,,
20230204,0,71,41,,
20230205,0,62,42,,
20230206,0,64,43,,
20230207,0,70,40,,
20230208,0,73,42,,
20230209,0,80,41,,
20230210,0,75,44,,
20230211,0,61,42,,
20230212,0.11,58,42,,
20230213,0,61,45,,
20230214,0,54,48,,
20230215,0,60,36,,
20230216,0.04,66,49,,
20230217,0,63,39,,
20230218,0,67,40,,
20230219,0,64,38,,
20230220,0,68,40,,
20230221,0,63,42,,
20230222,0.08,55,48,,
20230223,0.14,56,43,,
20230224,0,59,44,,
20230225,0.13,55,40,,
20230226,0,55,40,,
20230227,0,58,40,,
20230228,0.03,59,43,,
20230301,0.17,54,40,,
20230302,0,60,36,,
20230303,0,59,39,,
20230304,0,59,39,,
20230305,0,60,45,,
20230306,0,60,44,,
20230307,0,59,44,,
20230308,0,59,39,,
20230309,0,68,41,,
20230310,0.05,63,46,,
20230311,0,63,57,,
20230312,0,65,55,,
20230313,0,65,53,,
20230314,0.07,65,51,,
20230315,0.06,61,51,,
20230316,0.09,62,46,,
20230317,0.08,63,45,,
20230318,0,77,43,,
20230319,0,65,54,,
20230320,0,62,53,,
20230321,0.11,61,50,,
20230322,0,61,46,,
20230323,0,59,48,,
20230324,0,60,45,,
20230325,0,61,43,,
20230326,0,61,43,,
20230327,0,70,41,,
20230328,0,70,44,,
20230329,0.18,57,44,,
20230330,0.22,59,44,,
20230331,0,62,41,,
20230401,0,66,41,,
20230402,0,64,43,,
20230403,0,59,48,,
20230404,0,58,38,,
20230405,0,66,40,,
20230406,0,70,39,,
20230407,0,67,44,,
20230408,0,71,43,,
20230409,0,64,51,,
20230410,0,71,51,,
20230411,0,70,52,,
20230412,0,58,52,,
20230413,0,59,50,,
20230414,0,62,45,,
20230415,0,64,50,,
20230416,0,58,52,,
20230417,0,59,52,,
20230418,0,63,49,,
20230419,0,65,46,,
20230420,0,73,44,,
20230421,0,85,49,,
20230422,0,82,51,,
20230423,0,69,55,,
20230424,0,67,55,,
20230425,0,66,56,,
20230426,0,69,57,,
20230427,0,69,54,,
20230428,0,70,52,,
20230429,0,72,55,,
20230430,0,65,53,,
20230501,0,63,53,,
20230502,0,64,47,,
20230503,0,71,55,,
20230504,0,65,50,,
20230505,0,66,50,,
20230506,0,66,45,,
20230507,0,69,46,,
20230508,0,69,52,,
20230509,0,67,55,,
20230510,0,66,51,,
20230511,0,67,54,,
20230512,0,68,56,,
20230513,0,70,57,,
20230514,0,69,57,,
20230515,0,70,58,,
20230516,0,72,58,,
20230517,0,66,55,,
20230518,0,72,54,,
20230519,0,68,58,,
20230520,0,69,59,,
20230521,0,73,59,,
20230522,0,64,57,,
20230523,0,62,57,,
20230524,0.04,65,57,,
20230525,0,66,58,75,60
20230526,0,67,58,84,58
20230527,0,67,58,90,65
20230528,0.06,67,58,91,69
20230529,0,63,57,91,73
20230530,0.01,64,58,81,67
20230531,0.02,64,55,84,63
,,,,,
,,,,,
,,,,,
,,,,,
,,,,,
,,,,,
,,,,,
,,,,,
,,,,,
,,,,,
,,,,,
,,,,,
,,,,,
,,,,,
0, 0);,,,,
,,,,,
,,,,,
,,,,,
,,,,,
,,,,,
,,,,,
,,,,,
,,,,,
,,,,,
,,,,,
,,,,,
&quot;isActive&quot;:true,,,,,
